-- phpMyAdmin SQL Dump
-- version 5.2.0
-- https://www.phpmyadmin.net/
--
-- Host: 127.0.0.1
-- Generation Time: Apr 17, 2023 at 04:26 PM
-- Server version: 10.4.25-MariaDB
-- PHP Version: 8.0.23

SET SQL_MODE = "NO_AUTO_VALUE_ON_ZERO";
START TRANSACTION;
SET time_zone = "+00:00";


/*!40101 SET @OLD_CHARACTER_SET_CLIENT=@@CHARACTER_SET_CLIENT */;
/*!40101 SET @OLD_CHARACTER_SET_RESULTS=@@CHARACTER_SET_RESULTS */;
/*!40101 SET @OLD_COLLATION_CONNECTION=@@COLLATION_CONNECTION */;
/*!40101 SET NAMES utf8mb4 */;

--
-- Database: `banpho`
--

-- --------------------------------------------------------

--
-- Table structure for table `approval`
--

CREATE TABLE `approval` (
  `approval_id` int(255) NOT NULL,
  `document_code` varchar(100) NOT NULL,
  `document_version` int(20) NOT NULL,
  `approver_id` int(10) NOT NULL,
  `approver_name` varchar(100) NOT NULL,
  `approval_status` int(10) NOT NULL,
  `approval_comments` text DEFAULT NULL,
  `approval_hospital` int(10) NOT NULL,
  `created_at` timestamp NOT NULL DEFAULT current_timestamp() ON UPDATE current_timestamp()
) ENGINE=InnoDB DEFAULT CHARSET=utf8;

--
-- Dumping data for table `approval`
--

INSERT INTO `approval` (`approval_id`, `document_code`, `document_version`, `approver_id`, `approver_name`, `approval_status`, `approval_comments`, `approval_hospital`, `created_at`) VALUES
(29, 'DOC-1020230325134729', 1, 2, 'ธนวัช กิจจำเนียร', 1, '', 10, '2023-03-25 08:18:20'),
(30, 'DOC-1020230325134729', 1, 3, 'แพรว พราว', 1, '', 17, '2023-03-25 08:19:49'),
(35, 'DOC-1020230406113249', 1, 2, 'ธนวัช กิจจำเนียร', 1, 'ทำดีแล้ว', 10, '2023-04-06 04:33:32'),
(36, 'DOC-1020230406113249', 1, 3, 'แพรว พราว', 1, '', 17, '2023-04-06 04:34:24'),
(37, 'DOC-1020230406113249', 1, 4, 'เบญจพล สุวรรณะ', 1, '', 17, '2023-04-06 04:34:46'),
(38, 'DOC-1020230406113249', 1, 5, 'มานิตย์ ชุ่มชูจันทร์', 1, '', 17, '2023-04-06 04:35:07'),
(65, 'DOC-1020230417035900', 2, 2, 'ธนวัช กิจจำเนียร', 1, NULL, 10, '2023-04-17 10:04:59'),
(66, 'DOC-1020230417035900', 2, 3, 'แพรว พราว', 2, 'edit 2', 17, '2023-04-17 10:05:20'),
(67, 'DOC-1020230417035900', 3, 2, 'ธนวัช กิจจำเนียร', 1, NULL, 10, '2023-04-17 10:18:28'),
(68, 'DOC-1020230417035900', 3, 3, 'แพรว พราว', 2, 'แก้ไข 3', 17, '2023-04-17 10:18:41'),
(69, 'DOC-1020230417035900', 4, 2, 'ธนวัช กิจจำเนียร', 1, NULL, 10, '2023-04-17 10:19:26'),
(70, 'DOC-1020230417035900', 4, 3, 'แพรว พราว', 1, NULL, 17, '2023-04-17 10:19:40'),
(71, 'DOC-1020230417035900', 4, 4, 'เบญจพล สุวรรณะ', 1, NULL, 17, '2023-04-17 10:19:49'),
(72, 'DOC-1020230417035900', 4, 5, 'มานิตย์ ชุ่มชูจันทร์', 2, 'แก้ไข 4', 17, '2023-04-17 10:20:14'),
(73, 'DOC-1020230417035900', 5, 2, 'ธนวัช กิจจำเนียร', 1, NULL, 10, '2023-04-17 10:20:50'),
(74, 'DOC-1020230417035900', 5, 3, 'แพรว พราว', 1, NULL, 17, '2023-04-17 10:21:04'),
(75, 'DOC-1020230417035900', 5, 4, 'เบญจพล สุวรรณะ', 1, NULL, 17, '2023-04-17 10:21:13'),
(76, 'DOC-1020230417035900', 5, 5, 'มานิตย์ ชุ่มชูจันทร์', 1, NULL, 17, '2023-04-17 10:21:23'),
(77, 'DOC-1020230417172306', 1, 2, 'ธนวัช กิจจำเนียร', 1, NULL, 10, '2023-04-17 10:23:18'),
(78, 'DOC-1020230417172306', 1, 3, 'แพรว พราว', 2, 'แก้ไข1', 17, '2023-04-17 10:23:30'),
(79, 'DOC-1020230417172306', 2, 2, 'ธนวัช กิจจำเนียร', 1, NULL, 10, '2023-04-17 10:56:29'),
(80, 'DOC-1020230417172306', 2, 3, 'แพรว พราว', 2, 'edit2', 17, '2023-04-17 10:56:44'),
(81, 'DOC-1020230417172306', 3, 2, 'ธนวัช กิจจำเนียร', 1, NULL, 10, '2023-04-17 10:57:21'),
(82, 'DOC-1020230417172306', 3, 3, 'แพรว พราว', 1, NULL, 17, '2023-04-17 10:57:29'),
(83, 'DOC-1020230417172306', 3, 4, 'เบญจพล สุวรรณะ', 1, NULL, 17, '2023-04-17 10:57:38'),
(84, 'DOC-1020230417172306', 3, 5, 'มานิตย์ ชุ่มชูจันทร์', 1, NULL, 17, '2023-04-17 10:57:47'),
(85, 'DOC-1620230417182936', 1, 2, 'บอส แหลม', 1, NULL, 16, '2023-04-17 11:29:54'),
(86, 'DOC-1620230417182936', 1, 3, 'แพรว พราว', 2, 'ท้าย1', 17, '2023-04-17 11:30:35'),
(87, 'DOC-1620230417182936', 2, 2, 'บอส แหลม', 1, NULL, 16, '2023-04-17 11:31:40'),
(88, 'DOC-1620230417182936', 2, 3, 'แพรว พราว', 1, NULL, 17, '2023-04-17 11:31:55'),
(89, 'DOC-1620230417182936', 2, 4, 'เบญจพล สุวรรณะ', 2, 'เทสซ้ำ', 17, '2023-04-17 11:32:10'),
(90, 'DOC-1620230417182936', 3, 2, 'บอส แหลม', 1, NULL, 16, '2023-04-17 11:34:00'),
(91, 'DOC-1620230417182936', 3, 3, 'แพรว พราว', 1, NULL, 17, '2023-04-17 11:34:12'),
(92, 'DOC-1620230417182936', 3, 4, 'เบญจพล สุวรรณะ', 1, NULL, 17, '2023-04-17 11:34:50'),
(93, 'DOC-1620230417182936', 3, 5, 'มานิตย์ ชุ่มชูจันทร์', 1, NULL, 17, '2023-04-17 11:35:07'),
(94, 'DOC-1620230417183910', 1, 2, 'บอส แหลม', 1, NULL, 16, '2023-04-17 11:39:25'),
(95, 'DOC-1620230417183910', 1, 3, 'แพรว พราว', 2, 'ไม่นะ', 17, '2023-04-17 11:40:27'),
(96, 'DOC-1620230417183910', 2, 2, 'บอส แหลม', 2, 'เค', 16, '2023-04-17 11:55:48'),
(97, 'DOC-1620230417183910', 3, 2, 'บอส แหลม', 1, NULL, 16, '2023-04-17 11:58:16'),
(98, 'DOC-1620230417183910', 3, 3, 'แพรว พราว', 1, NULL, 17, '2023-04-17 11:58:39'),
(99, 'DOC-1620230417183910', 3, 4, 'เบญจพล สุวรรณะ', 2, 'อีกนิด', 17, '2023-04-17 11:59:55'),
(100, 'DOC-1620230417183910', 4, 2, 'บอส แหลม', 1, NULL, 16, '2023-04-17 12:02:48'),
(101, 'DOC-1620230417183910', 4, 3, 'แพรว พราว', 1, NULL, 17, '2023-04-17 12:02:57'),
(102, 'DOC-1620230417183910', 4, 4, 'เบญจพล สุวรรณะ', 1, NULL, 17, '2023-04-17 12:04:00'),
(103, 'DOC-1620230417183910', 4, 5, 'มานิตย์ ชุ่มชูจันทร์', 2, 'ยัง', 17, '2023-04-17 12:04:34'),
(104, 'DOC-1620230417183910', 5, 2, 'บอส แหลม', 1, NULL, 16, '2023-04-17 12:11:35'),
(105, 'DOC-1620230417183910', 5, 3, 'แพรว พราว', 1, NULL, 17, '2023-04-17 12:12:10'),
(106, 'DOC-1620230417183910', 5, 4, 'เบญจพล สุวรรณะ', 1, NULL, 17, '2023-04-17 12:12:30'),
(107, 'DOC-1620230417183910', 5, 5, 'มานิตย์ ชุ่มชูจันทร์', 1, NULL, 17, '2023-04-17 12:12:52'),
(108, 'DOC-1620230417191704', 1, 2, 'บอส แหลม', 2, '5555', 16, '2023-04-17 12:17:37'),
(109, 'DOC-1620230417191704', 2, 2, 'บอส แหลม', 1, NULL, 16, '2023-04-17 12:18:09'),
(110, 'DOC-1620230417191704', 2, 3, 'แพรว พราว', 2, '4', 17, '2023-04-17 12:18:34'),
(111, 'DOC-1620230417191704', 3, 2, 'บอส แหลม', 1, NULL, 16, '2023-04-17 12:19:34'),
(112, 'DOC-1620230417191704', 3, 3, 'แพรว พราว', 1, NULL, 17, '2023-04-17 12:19:51'),
(113, 'DOC-1620230417191704', 3, 4, 'เบญจพล สุวรรณะ', 1, NULL, 17, '2023-04-17 12:20:14'),
(114, 'DOC-1620230417191704', 3, 5, 'มานิตย์ ชุ่มชูจันทร์', 2, '10', 17, '2023-04-17 12:20:37'),
(115, 'DOC-1620230417191704', 4, 2, 'บอส แหลม', 1, NULL, 16, '2023-04-17 12:21:48'),
(116, 'DOC-1620230417191704', 4, 3, 'แพรว พราว', 1, NULL, 17, '2023-04-17 12:22:03'),
(117, 'DOC-1620230417191704', 4, 4, 'เบญจพล สุวรรณะ', 1, NULL, 17, '2023-04-17 12:22:26'),
(118, 'DOC-1620230417191704', 4, 5, 'มานิตย์ ชุ่มชูจันทร์', 1, NULL, 17, '2023-04-17 12:22:51'),
(119, 'DOC-1020230417202908', 1, 2, 'ธนวัช กิจจำเนียร', 2, '20', 10, '2023-04-17 13:30:46'),
(120, 'DOC-1020230417202908', 2, 2, 'ธนวัช กิจจำเนียร', 1, NULL, 10, '2023-04-17 13:31:34'),
(121, 'DOC-1020230417202908', 2, 3, 'แพรว พราว', 2, 'แก้2', 17, '2023-04-17 13:31:46'),
(122, 'DOC-1020230417202908', 3, 2, 'ธนวัช กิจจำเนียร', 1, NULL, 10, '2023-04-17 13:32:53'),
(123, 'DOC-1020230417202908', 3, 3, 'แพรว พราว', 2, '30', 17, '2023-04-17 13:33:45'),
(124, 'DOC-1020230417203446', 1, 2, 'ธนวัช กิจจำเนียร', 1, NULL, 10, '2023-04-17 13:35:05'),
(125, 'DOC-1020230417203446', 1, 3, 'แพรว พราว', 1, NULL, 17, '2023-04-17 13:35:40'),
(126, 'DOC-1020230417203446', 1, 4, 'เบญจพล สุวรรณะ', 1, NULL, 17, '2023-04-17 13:36:10'),
(127, 'DOC-1020230417203446', 1, 5, 'มานิตย์ ชุ่มชูจันทร์', 1, NULL, 17, '2023-04-17 13:36:29'),
(128, 'DOC-1020230417202908', 4, 2, 'ธนวัช กิจจำเนียร', 1, NULL, 10, '2023-04-17 13:38:26'),
(129, 'DOC-1020230417202908', 4, 3, 'แพรว พราว', 1, NULL, 17, '2023-04-17 13:38:42'),
(130, 'DOC-1020230417202908', 4, 4, 'เบญจพล สุวรรณะ', 1, NULL, 17, '2023-04-17 13:38:52'),
(131, 'DOC-1020230417202908', 4, 5, 'มานิตย์ ชุ่มชูจันทร์', 1, NULL, 17, '2023-04-17 13:39:12'),
(132, 'DOC-1020230417211703', 1, 2, 'ธนวัช กิจจำเนียร', 2, 'ไม่', 10, '2023-04-17 14:17:25'),
(133, 'DOC-1020230417211703', 2, 2, 'ธนวัช กิจจำเนียร', 1, NULL, 10, '2023-04-17 14:18:11'),
(134, 'DOC-1020230417211703', 2, 3, 'แพรว พราว', 2, 'ไม่2', 17, '2023-04-17 14:18:33');

-- --------------------------------------------------------

--
-- Table structure for table `document`
--

CREATE TABLE `document` (
  `document_id` int(20) NOT NULL,
  `document_code` varchar(50) NOT NULL,
  `document_title` varchar(100) NOT NULL,
  `document_detail` text NOT NULL,
  `document_file` text NOT NULL,
  `document_file_path` text NOT NULL,
  `document_description` text DEFAULT NULL,
  `document_version` int(20) NOT NULL,
  `document_status` int(10) NOT NULL,
  `hospital_id` int(20) NOT NULL,
  `approve_1` int(10) DEFAULT NULL,
  `approve_2` int(10) DEFAULT NULL,
  `approve_3` int(10) DEFAULT NULL,
  `approve_4` int(10) DEFAULT NULL,
  `created_at` datetime NOT NULL,
  `created_by` varchar(100) NOT NULL,
  `user_id` int(20) NOT NULL,
  `updated_at` timestamp NOT NULL DEFAULT current_timestamp() ON UPDATE current_timestamp(),
  `updated_by` int(20) DEFAULT NULL
) ENGINE=InnoDB DEFAULT CHARSET=utf8;

--
-- Dumping data for table `document`
--

INSERT INTO `document` (`document_id`, `document_code`, `document_title`, `document_detail`, `document_file`, `document_file_path`, `document_description`, `document_version`, `document_status`, `hospital_id`, `approve_1`, `approve_2`, `approve_3`, `approve_4`, `created_at`, `created_by`, `user_id`, `updated_at`, `updated_by`) VALUES
(34, 'DOC-1020230417035900', 'แก้ไข 4', '4', 'CS_313.pdf', '', 'แก้ไข 4', 5, 5, 10, 1, 1, 1, 1, '2023-04-17 17:20:42', 'มานี มีแมว', 11, '2023-04-17 10:21:23', 5),
(36, 'DOC-1020230417172306', 'edit-2', '', 'CS_313.pdf', '', 'edit2', 3, 5, 10, 1, 1, 1, 1, '2023-04-17 17:57:13', 'มานี มีแมว', 11, '2023-04-17 10:57:47', 5),
(37, 'DOC-1620230417182936', 'เทสอีกรอบ', 'ซ้ำ2', 'CS_313.pdf', '', 'เทสซ้ำ', 3, 5, 16, 1, 1, 1, 1, '2023-04-17 18:32:40', 'จนท. แหลม', 14, '2023-04-17 11:35:08', 5),
(38, 'DOC-1620230417183910', 'last', '', 'CS_313.jpg', '', 'ยัง', 5, 5, 16, 1, 1, 1, 1, '2023-04-17 19:05:28', 'จนท. แหลม', 14, '2023-04-17 12:12:52', 5),
(39, 'DOC-1620230417191704', '7', '7', 'CS_313.pdf', '', '10', 4, 5, 16, 1, 1, 1, 1, '2023-04-17 19:21:35', 'จนท. แหลม', 14, '2023-04-17 12:22:51', 5),
(40, 'DOC-1020230417202908', '31', '31', 'จนท.pdf', '', '30', 4, 5, 10, 1, 1, 1, 1, '2023-04-17 20:38:04', 'มานี มีแมว', 11, '2023-04-17 13:39:12', 5),
(41, 'DOC-1020230417203446', '30', '30', 'role.pdf', '/uploads/1681738484258role.pdf', NULL, 1, 5, 10, 1, 1, 1, 1, '2023-04-17 08:34:46', 'มานี มีแมว', 11, '2023-04-17 13:36:29', 5),
(42, 'DOC-1020230417211703', 'มาย1', 'จ้า1', 'role.pdf', '', 'ไม่2', 2, 0, 10, 1, NULL, NULL, NULL, '2023-04-17 21:17:54', 'มานี มีแมว', 11, '2023-04-17 14:18:33', 3);

-- --------------------------------------------------------

--
-- Table structure for table `equipment`
--

CREATE TABLE `equipment` (
  `equipment_id` int(255) NOT NULL,
  `equipment_name` varchar(100) NOT NULL,
  `equipment_quantity` int(50) NOT NULL,
  `group_id` varchar(100) NOT NULL
) ENGINE=InnoDB DEFAULT CHARSET=utf8;

--
-- Dumping data for table `equipment`
--

INSERT INTO `equipment` (`equipment_id`, `equipment_name`, `equipment_quantity`, `group_id`) VALUES
(15, 'ชุดทำแผล A', 1, 'BPTH-1020230324061115'),
(16, 'ชุดทำแผล B', 2, 'BPTH-1020230324061115'),
(17, 'ชุดทำแผล A', 4, 'BPTH-1020230324061115'),
(18, 'ชุดทำแผล A', 1, 'BPTH-1020230329191710'),
(19, 'ชุดทำแผล B', 2, 'BPTH-1020230329191710'),
(20, 'ชุดทำแผล A', 1, 'BPTH-1020230329191848'),
(21, 'ชุดทำแผล B', 2, 'BPTH-1020230329191848'),
(22, 'ชุดทำแผล A', 12, 'BPTH-1020230408011459'),
(23, 'ชุดทำฟัน A', 4, 'BPTH-1020230408011459'),
(24, 'ชุดทำแผล B', 4, 'BPTH-1020230408011459'),
(25, 'ชุดทำแผล A', 555, 'BPTH-1020230408130703'),
(26, 'ชุดทำฟัน A', 6, 'BPTH-1020230408130703'),
(27, 'ชุดทำแผล A', 3, 'BPTH-1020230410200057'),
(28, 'ชุดทำแผล B', 3, 'BPTH-1020230410200057'),
(29, 'ชุดทำแผล A', 1, 'BPTH-1020230417014442'),
(30, 'ชุดทำแผล A', 1, 'BPTH-1020230417025503'),
(31, 'ชุดทำแผล A', 1, 'BPTH-1020230417030837'),
(32, 'ชุดทำแผล A', 2, 'BPTH-1020230417031522'),
(33, 'ชุดทำแผล A', 1, 'BPTH-1020230417033122'),
(34, 'ชุดทำแผล A', 1, 'BPTH-1020230417033904'),
(35, 'ชุดทำแผล B', 1, 'BPTH-1020230417035011'),
(36, 'ชุดทำแผล A', 1, 'BPTH-1020230417194040'),
(37, 'ชุดทำแผล C', 1, 'BPTH-1020230417194040');

-- --------------------------------------------------------

--
-- Table structure for table `hospital`
--

CREATE TABLE `hospital` (
  `hospital_id` int(20) NOT NULL,
  `hospital_name` varchar(100) NOT NULL,
  `hospital_address` text NOT NULL,
  `hospital_tel` varchar(20) DEFAULT NULL
) ENGINE=InnoDB DEFAULT CHARSET=utf8;

--
-- Dumping data for table `hospital`
--

INSERT INTO `hospital` (`hospital_id`, `hospital_name`, `hospital_address`, `hospital_tel`) VALUES
(1, 'โรงพยาบาลส่งเสริมสุขภาพตำบลสนามจันทร์', 'อาคารโรงพยาบาลส่งเสริมสุขภาพตำบลสนามจันทร์, ตำบลสนามจันทร์ อำเภอเมืองนครปฐม จังหวัดนครปฐม, 73000', '038587095'),
(2, 'โรงพยาบาลส่งเสริมสุขภาพตำบลลาดขวาง', 'โรงพยาบาลส่งเสริมสุขภาพตำบลลาดขวาง. หมู่ 2, ตำบลลาดขวาง อำเภอบ้านโพธิ์ จังหวัดฉะเชิงเทรา, 24140', '038577136'),
(3, 'โรงพยาบาลส่งเสริมสุขภาพตำบลแสนภูดาษ', '', '0'),
(4, 'โรงพยาบาลส่งเสริมสุขภาพตำบลบางกรูด', '', '0'),
(5, 'โรงพยาบาลส่งเสริมสุขภาพตำบลเกาะไร่', '', '0'),
(6, 'โรงพยาบาลส่งเสริมสุขภาพตำบลคลองประเวศ', '', '0'),
(7, 'โรงพยาบาลส่งเสริมสุขภาพตำบลเทพราช', '', '0'),
(8, 'โรงพยาบาลส่งเสริมสุขภาพตำบลหนองตีนนก', '', '0'),
(9, 'โรงพยาบาลส่งเสริมสุขภาพตำบลคลองบ้านโพธิ์', '', '0'),
(10, 'โรงพยาบาลส่งเสริมสุขภาพตำบลบางซ่อน', '', '0'),
(11, 'โรงพยาบาลส่งเสริมสุขภาพตำบลคลองขุด', '', '0'),
(12, 'โรงพยาบาลส่งเสริมสุขภาพตำบลท่าพลับ', '', '0'),
(13, 'โรงพยาบาลส่งเสริมสุขภาพตำบลดอนทราย', '', '0'),
(14, 'โรงพยาบาลส่งเสริมสุขภาพตำบลหนองบัว', '', '0'),
(15, 'โรงพยาบาลส่งเสริมสุขภาพตำบลสิบเอ็ดศอก', '', '0'),
(16, 'โรงพยาบาลส่งเสริมสุขภาพตำบลแหลมประดู่', '', '0'),
(17, 'สาธารณสุขอำเภอบ้านโพธิ์', '', '0');

-- --------------------------------------------------------

--
-- Table structure for table `notification`
--

CREATE TABLE `notification` (
  `notification_id` int(255) NOT NULL,
  `notification_date` datetime DEFAULT NULL,
  `notification_detail` text NOT NULL,
  `notification_status` int(20) NOT NULL,
  `notification_role` int(20) NOT NULL,
  `notification_place` int(20) NOT NULL
) ENGINE=InnoDB DEFAULT CHARSET=utf8;

--
-- Dumping data for table `notification`
--

INSERT INTO `notification` (`notification_id`, `notification_date`, `notification_detail`, `notification_status`, `notification_role`, `notification_place`) VALUES
(1, '2023-03-22 00:00:00', 'ทดสอบ', 1, 1, 10),
(2, '2023-03-22 06:24:12', 'ทดสอบnoti', 1, 1, 10),
(3, '2023-03-22 06:27:15', 'ทดสอบnoti1', 1, 2, 10),
(4, '2023-03-22 06:37:27', 'มีการเอกสารที่รอการอนุมัติ', 1, 3, 17),
(5, '2023-03-22 06:37:45', 'มีการเอกสารที่รอการอนุมัติ', 1, 3, 17),
(6, '2023-03-22 06:54:21', 'ทดสอบ Notification ล่าสุด', 1, 2, 10),
(7, '2023-03-22 06:59:17', 'มีการเอกสารที่รอการอนุมัติ', 1, 3, 17),
(8, '2023-03-22 07:00:01', 'มีการเอกสารที่รอการอนุมัติ', 1, 3, 17),
(9, '2023-03-22 03:17:03', 'ทดสอบ', 1, 2, 10),
(10, '2023-03-22 03:19:49', 'มีการเอกสารที่รอการอนุมัติ', 1, 3, 17),
(11, '2023-03-22 03:29:34', 'ทดสอบการ Approve', 1, 2, 10),
(12, '2023-03-22 03:30:34', 'มีการเอกสารที่รอการอนุมัติ', 1, 3, 17),
(13, '2023-03-22 03:41:58', 'ทดสอบ2', 1, 2, 10),
(14, '2023-03-22 03:44:31', 'มีการเอกสารที่รอการอนุมัติ', 1, 3, 17),
(15, '2023-03-22 03:50:17', 'มีการเอกสารที่รอการอนุมัติ', 1, 4, 17),
(16, '2023-03-22 04:41:03', 'มีการเอกสารที่รอการอนุมัติ', 1, 5, 17),
(17, '2023-03-22 04:41:07', 'มีการเอกสารที่รอการอนุมัติ', 1, 5, 17),
(18, '2023-03-22 04:41:40', 'มีการเอกสารที่รอการอนุมัติ', 0, 6, 17),
(19, '2023-03-22 04:41:42', 'มีการเอกสารที่รอการอนุมัติ', 0, 6, 17),
(20, '2023-03-22 04:55:01', 'ทดสอบไม่อนุมัติ', 1, 2, 10),
(21, '2023-03-22 07:38:27', 'มีการเอกสารที่รอการอนุมัติกรุณายื่นเรื่องมาใหม่อีกครั้ง', 1, 1, 10),
(22, '2023-03-22 07:53:20', 'ทดสอบลบ', 1, 2, 10),
(23, '2023-03-22 07:59:11', 'asdasd', 1, 2, 10),
(24, '2023-03-22 08:00:17', 'ทดสอบ', 1, 2, 10),
(25, '2023-03-23 00:13:56', 'มีการเอกสารที่รอการอนุมัติ', 1, 2, 10),
(26, '2023-03-23 00:14:25', 'มีการเอกสารที่รอการอนุมัติ', 1, 2, 10),
(27, '2023-03-23 12:15:24', 'มีการเอกสารที่รอการอนุมัติ', 1, 3, 17),
(28, '2023-03-23 12:15:26', 'มีการเอกสารที่รอการอนุมัติกรุณายื่นเรื่องมาใหม่อีกครั้ง', 1, 1, 10),
(29, '2023-03-23 00:19:05', 'มีการเอกสารที่รอการอนุมัติ', 1, 2, 10),
(30, '2023-03-23 12:19:24', 'มีการเอกสารที่รอการอนุมัติ', 1, 3, 17),
(31, '2023-03-23 12:20:56', 'มีการเอกสารที่รอการอนุมัติ', 1, 4, 17),
(32, '2023-03-23 12:20:58', 'มีการเอกสารที่รอการอนุมัติ', 1, 4, 17),
(33, '2023-03-23 12:21:14', 'มีการเอกสารที่รอการอนุมัติ', 1, 5, 17),
(34, '2023-03-23 12:21:16', 'มีการเอกสารที่รอการอนุมัติ', 1, 5, 17),
(35, '2023-03-23 08:05:00', 'รับอุปกรณ์ฆ่าเชื้อสำเร็จกรุณามารับอุปกรณ์ฆ่าเชื้อในวันที่ 2023-03-23', 1, 1, 10),
(36, '2023-03-23 08:06:09', 'รับอุปกรณ์ฆ่าเชื้อสำเร็จกรุณามารับอุปกรณ์ฆ่าเชื้อในวันที่ 2023-03-23', 1, 1, 10),
(37, '2023-03-25 09:52:11', 'ทดสอบเอกสาร', 1, 2, 10),
(38, '2023-03-25 01:05:27', 'มีการเอกสารที่รอการอนุมัติ', 1, 3, 17),
(39, '2023-03-25 01:08:30', 'มีการเอกสารที่รอการอนุมัติ', 1, 4, 17),
(40, '2023-03-25 01:10:02', 'มีการเอกสารที่รอการอนุมัติ', 1, 5, 17),
(41, '2023-03-25 01:10:46', 'มีการเอกสารที่รอการอนุมัติ', 0, 6, 17),
(42, '2023-03-25 01:10:47', 'มีการเอกสารที่รอการอนุมัติ', 0, 6, 17),
(43, '2023-03-25 01:10:49', 'มีการเอกสารที่รอการอนุมัติ', 0, 6, 17),
(44, '2023-03-25 01:47:29', 'เอกสารใหม่', 1, 2, 10),
(45, '2023-03-25 03:18:20', 'มีการเอกสารที่รอการอนุมัติ', 1, 3, 17),
(46, '2023-03-25 03:19:49', 'มีการเอกสารที่รอการอนุมัติ', 1, 4, 17),
(47, '2023-03-25 06:06:59', 'ทดสอบไม่อนุมัติ', 1, 2, 10),
(48, '2023-03-25 06:07:35', 'มีการเอกสารที่รอการอนุมัติกรุณายื่นเรื่องมาใหม่อีกครั้ง', 1, 1, 10),
(49, '2023-03-25 20:09:23', 'มีการเอกสารที่รอการอนุมัติ', 1, 2, 10),
(50, '2023-03-25 08:10:57', 'มีการเอกสารที่รอการอนุมัติ', 1, 3, 17),
(51, '2023-03-27 02:00:45', 'ทดสอบ', 1, 2, 10),
(52, '2023-03-29 19:20:15', 'รับอุปกรณ์ฆ่าเชื้อสำเร็จกรุณามารับอุปกรณ์ฆ่าเชื้อในวันที่ 2023-04-01', 1, 1, 10),
(53, '2023-03-29 07:22:08', 'ทดสอบ', 1, 2, 10),
(54, '2023-03-29 07:23:12', 'มีการเอกสารที่รอการอนุมัติ', 1, 3, 17),
(55, '2023-03-29 07:23:55', 'มีการเอกสารที่ไม่ผ่านการอนุมัติ กรุณายื่นเรื่องมาใหม่อีกครั้ง', 0, 1, 17),
(56, '2023-03-29 19:24:41', 'มีการเอกสารที่รอการอนุมัติ', 1, 2, 10),
(57, '2023-03-29 19:57:02', 'รับอุปกรณ์ฆ่าเชื้อสำเร็จกรุณามารับอุปกรณ์ฆ่าเชื้อในวันที่ 2023-03-30', 1, 1, 10),
(58, '2023-04-06 11:32:49', 'ทดสอบการอนุมัติ', 1, 2, 10),
(59, '2023-04-06 11:33:32', 'มีการเอกสารที่รอการอนุมัติ', 1, 3, 17),
(60, '2023-04-06 11:34:24', 'มีการเอกสารที่รอการอนุมัติ', 1, 4, 17),
(61, '2023-04-06 11:34:46', 'มีการเอกสารที่รอการอนุมัติ', 1, 5, 17),
(62, '2023-04-06 11:35:07', 'มีการเอกสารที่รอการอนุมัติ', 0, 6, 17),
(63, '2023-04-06 11:46:15', 'ทดสอบการไม่อนุมัติ1', 1, 2, 10),
(64, '2023-04-06 11:46:57', 'มีการเอกสารที่ไม่ผ่านการอนุมัติ กรุณายื่นเรื่องมาใหม่อีกครั้ง', 1, 1, 10),
(65, '2023-04-06 11:48:32', 'มีการเอกสารที่รอการอนุมัติ', 1, 2, 10),
(66, '2023-04-06 12:00:39', 'มีการเอกสารที่รอการอนุมัติ', 1, 3, 17),
(67, '2023-04-08 13:30:02', 'รับอุปกรณ์ฆ่าเชื้อสำเร็จกรุณามารับอุปกรณ์ฆ่าเชื้อในวันที่ 24-04-2023', 1, 1, 10),
(68, '2023-04-08 01:56:03', 'ทดสอบนะ', 1, 2, 10),
(69, '2023-04-08 02:52:44', 'มีการเอกสารที่ไม่ผ่านการอนุมัติ กรุณายื่นเรื่องมาใหม่อีกครั้ง', 0, 1, 17),
(70, '2023-04-08 14:54:10', 'มีการเอกสารที่รอการอนุมัติ', 1, 2, 10),
(71, '2023-04-08 02:55:03', 'มีการเอกสารที่ไม่ผ่านการอนุมัติ กรุณายื่นเรื่องมาใหม่อีกครั้ง', 1, 1, 10),
(72, '2023-04-08 02:55:06', 'มีการเอกสารที่ไม่ผ่านการอนุมัติ กรุณายื่นเรื่องมาใหม่อีกครั้ง', 1, 1, 10),
(73, '2023-04-08 03:03:58', 'มีการเอกสารที่รอการอนุมัติ', 1, 3, 17),
(74, '2023-04-08 03:04:01', 'มีการเอกสารที่รอการอนุมัติ', 1, 3, 17),
(75, '2023-04-08 03:05:13', 'มีการเอกสารที่ไม่ผ่านการอนุมัติ กรุณายื่นเรื่องมาใหม่อีกครั้ง', 0, 1, 17),
(76, '2023-04-08 03:08:11', 'มีการเอกสารที่ไม่ผ่านการอนุมัติ กรุณายื่นเรื่องมาใหม่อีกครั้ง', 0, 1, 17),
(77, '2023-04-08 03:10:29', 'กฟกหฟกฟหกฟก', 1, 2, 10),
(78, '2023-04-08 03:13:04', 'มีการเอกสารที่รอการอนุมัติ', 1, 3, 17),
(79, '2023-04-08 03:19:37', 'มีการเอกสารที่ไม่ผ่านการอนุมัติ กรุณายื่นเรื่องมาใหม่อีกครั้ง', 1, 1, 10),
(80, '2023-04-08 03:20:25', 'ฟหกฟหกหฟก', 1, 2, 10),
(81, '2023-04-08 03:20:57', 'มีการเอกสารที่ไม่ผ่านการอนุมัติ กรุณายื่นเรื่องมาใหม่อีกครั้ง', 1, 1, 10),
(82, '2023-04-08 08:31:29', 'อิอิ', 1, 2, 10),
(83, '2023-04-09 11:24:08', 'มีการเอกสารที่รอการอนุมัติ', 1, 3, 17),
(84, '2023-04-10 06:01:59', 'sdasd', 1, 2, 10),
(85, '2023-04-10 06:02:07', 'xczxczxc', 1, 2, 10),
(86, '2023-04-10 06:04:03', 'มีการเอกสารที่รอการอนุมัติ', 1, 3, 17),
(87, '2023-04-10 06:04:06', 'มีการเอกสารที่ไม่ผ่านการอนุมัติ กรุณายื่นเรื่องมาใหม่อีกครั้ง', 0, 1, 0),
(88, '2023-04-10 06:08:12', 'มีการเอกสารที่ไม่ผ่านการอนุมัติ กรุณายื่นเรื่องมาใหม่อีกครั้ง', 0, 1, 0),
(89, '2023-04-10 06:08:14', 'มีการเอกสารที่ไม่ผ่านการอนุมัติ กรุณายื่นเรื่องมาใหม่อีกครั้ง', 0, 1, 0),
(90, '2023-04-10 06:12:29', 'dsfsdf', 1, 2, 10),
(91, '2023-04-10 06:15:40', 'มีการเอกสารที่ไม่ผ่านการอนุมัติ กรุณายื่นเรื่องมาใหม่อีกครั้ง', 1, 1, 10),
(92, '2023-04-10 18:52:40', 'รับอุปกรณ์ฆ่าเชื้อสำเร็จกรุณามารับอุปกรณ์ฆ่าเชื้อในวันที่ 15-04-2023', 1, 1, 10),
(93, '2023-04-10 20:02:08', 'รับอุปกรณ์ฆ่าเชื้อสำเร็จกรุณามารับอุปกรณ์ฆ่าเชื้อในวันที่ 17-04-2023', 1, 1, 10),
(94, '2023-04-10 08:09:13', 'cdh', 1, 2, 10),
(95, '2023-04-10 08:09:46', 'มีการเอกสารที่ไม่ผ่านการอนุมัติ กรุณายื่นเรื่องมาใหม่อีกครั้ง', 1, 1, 10),
(96, '2023-04-17 01:05:51', 'รับอุปกรณ์ฆ่าเชื้อสำเร็จกรุณามารับอุปกรณ์ฆ่าเชื้อในวันที่ 29-04-2023', 1, 1, 10),
(97, '2023-04-17 01:42:00', 'รับอุปกรณ์ฆ่าเชื้อสำเร็จกรุณามารับอุปกรณ์ฆ่าเชื้อในวันที่ 22-04-2023', 1, 1, 10),
(98, '2023-04-17 01:42:41', 'รับอุปกรณ์ฆ่าเชื้อสำเร็จกรุณามารับอุปกรณ์ฆ่าเชื้อในวันที่ 04-05-2023', 1, 1, 10),
(99, '2023-04-17 01:43:02', 'รับอุปกรณ์ฆ่าเชื้อสำเร็จกรุณามารับอุปกรณ์ฆ่าเชื้อในวันที่ 30-04-2023', 1, 1, 10),
(100, '2023-04-17 01:45:03', 'รับอุปกรณ์-เครื่องมือการแพทย์สำเร็จ กรุณามารับคืนวันที่ 01-05-2023', 1, 1, 10),
(101, '2023-04-17 03:12:12', 'รับอุปกรณ์ฆ่าเชื้อสำเร็จกรุณามารับอุปกรณ์ฆ่าเชื้อในวันที่ 27-04-2023', 1, 1, 10),
(102, '2023-04-17 03:15:46', 'รับอุปกรณ์ฆ่าเชื้อสำเร็จกรุณามารับอุปกรณ์ฆ่าเชื้อในวันที่ 07-05-2023', 1, 1, 10),
(103, '2023-04-17 03:36:17', 'รับอุปกรณ์ฆ่าเชื้อสำเร็จกรุณามารับอุปกรณ์ฆ่าเชื้อในวันที่ 30-04-2023', 1, 1, 10),
(104, '2023-04-17 03:39:25', 'รับอุปกรณ์-เครื่องมือการแพทย์สำเร็จ กรุณามารับคืนวันที่ 02-05-2023', 1, 1, 10),
(105, '2023-04-17 03:50:40', 'รับอุปกรณ์-เครื่องมือการแพทย์สำเร็จ กรุณามารับคืน วันที่ 29-04-2023', 1, 1, 10),
(106, '2023-04-17 03:59:00', 'เทสใหม่20', 1, 2, 10),
(107, '2023-04-17 04:36:23', 'มีการเอกสารที่ไม่ผ่านการอนุมัติ กรุณายื่นเรื่องมาใหม่อีกครั้ง', 1, 1, 10),
(108, '2023-04-17 04:43:01', 'test', 1, 2, 10),
(109, '2023-04-17 04:45:18', 'มีการเอกสารที่รอการอนุมัติ', 1, 3, 17),
(110, '2023-04-17 04:45:50', 'มีการเอกสารที่รอการอนุมัติ', 1, 4, 17),
(111, '2023-04-17 04:46:09', 'มีการเอกสารที่รอการอนุมัติ', 1, 5, 17),
(112, '2023-04-17 04:46:12', 'มีการเอกสารที่รอการอนุมัติ', 1, 5, 17),
(113, '2023-04-17 04:46:26', 'มีการเอกสารที่รอการอนุมัติ', 0, 6, 17),
(114, '2023-04-17 04:46:28', 'มีการเอกสารที่รอการอนุมัติ', 0, 6, 17),
(115, '2023-04-17 17:02:31', 'มีการเอกสารที่รอการอนุมัติ', 1, 2, 10),
(116, '2023-04-17 05:04:59', 'มีการเอกสารที่รอการอนุมัติ', 1, 3, 17),
(117, '2023-04-17 05:05:20', 'มีการเอกสารที่ไม่ผ่านการอนุมัติ กรุณายื่นเรื่องมาใหม่อีกครั้ง', 1, 1, 10),
(118, '2023-04-17 17:18:17', 'มีการเอกสารที่รอการอนุมัติ', 1, 2, 10),
(119, '2023-04-17 05:18:28', 'มีการเอกสารที่รอการอนุมัติ', 1, 3, 17),
(120, '2023-04-17 05:18:41', 'มีการเอกสารที่ไม่ผ่านการอนุมัติ กรุณายื่นเรื่องมาใหม่อีกครั้ง', 1, 1, 10),
(121, '2023-04-17 17:19:17', 'มีการเอกสารที่รอการอนุมัติ', 1, 2, 10),
(122, '2023-04-17 05:19:26', 'มีการเอกสารที่รอการอนุมัติ', 1, 3, 17),
(123, '2023-04-17 05:19:40', 'มีการเอกสารที่รอการอนุมัติ', 1, 4, 17),
(124, '2023-04-17 05:19:49', 'มีการเอกสารที่รอการอนุมัติ', 1, 5, 17),
(125, '2023-04-17 05:20:14', 'มีการเอกสารที่ไม่ผ่านการอนุมัติ กรุณายื่นเรื่องมาใหม่อีกครั้ง', 1, 1, 10),
(126, '2023-04-17 17:20:42', 'มีการเอกสารที่รอการอนุมัติ', 1, 2, 10),
(127, '2023-04-17 05:20:50', 'มีการเอกสารที่รอการอนุมัติ', 1, 3, 17),
(128, '2023-04-17 05:21:04', 'มีการเอกสารที่รอการอนุมัติ', 1, 4, 17),
(129, '2023-04-17 05:21:13', 'มีการเอกสารที่รอการอนุมัติ', 1, 5, 17),
(130, '2023-04-17 05:21:23', 'มีการเอกสารที่รอการอนุมัติ', 0, 6, 17),
(131, '2023-04-17 05:23:06', 'เทสแก้', 1, 2, 10),
(132, '2023-04-17 05:23:18', 'มีการเอกสารที่รอการอนุมัติ', 1, 3, 17),
(133, '2023-04-17 05:23:30', 'มีการเอกสารที่ไม่ผ่านการอนุมัติ กรุณายื่นเรื่องมาใหม่อีกครั้ง', 1, 1, 10),
(134, '2023-04-17 17:53:20', 'มีการเอกสารที่รอการอนุมัติ', 1, 2, 10),
(135, '2023-04-17 05:56:29', 'มีการเอกสารที่รอการอนุมัติ', 1, 3, 17),
(136, '2023-04-17 05:56:44', 'มีการเอกสารที่ไม่ผ่านการอนุมัติ กรุณายื่นเรื่องมาใหม่อีกครั้ง', 1, 1, 10),
(137, '2023-04-17 17:57:13', 'มีการเอกสารที่รอการอนุมัติ', 1, 2, 10),
(138, '2023-04-17 05:57:21', 'มีการเอกสารที่รอการอนุมัติ', 1, 3, 17),
(139, '2023-04-17 05:57:29', 'มีการเอกสารที่รอการอนุมัติ', 1, 4, 17),
(140, '2023-04-17 05:57:38', 'มีการเอกสารที่รอการอนุมัติ', 1, 5, 17),
(141, '2023-04-17 05:57:47', 'มีการเอกสารที่รอการอนุมัติ', 0, 6, 17),
(142, '2023-04-17 06:29:36', 'สุดท้าย', 1, 2, 16),
(143, '2023-04-17 06:29:54', 'มีการเอกสารที่รอการอนุมัติ', 1, 3, 17),
(144, '2023-04-17 06:30:35', 'มีการเอกสารที่ไม่ผ่านการอนุมัติ กรุณายื่นเรื่องมาใหม่อีกครั้ง', 1, 1, 16),
(145, '2023-04-17 18:31:20', 'มีการเอกสารที่รอการอนุมัติ', 1, 2, 16),
(146, '2023-04-17 06:31:40', 'มีการเอกสารที่รอการอนุมัติ', 1, 3, 17),
(147, '2023-04-17 06:31:55', 'มีการเอกสารที่รอการอนุมัติ', 1, 4, 17),
(148, '2023-04-17 06:32:10', 'มีการเอกสารที่ไม่ผ่านการอนุมัติ กรุณายื่นเรื่องมาใหม่อีกครั้ง', 1, 1, 16),
(149, '2023-04-17 18:32:40', 'มีการเอกสารที่รอการอนุมัติ', 1, 2, 16),
(150, '2023-04-17 06:34:00', 'มีการเอกสารที่รอการอนุมัติ', 1, 3, 17),
(151, '2023-04-17 06:34:12', 'มีการเอกสารที่รอการอนุมัติ', 1, 4, 17),
(152, '2023-04-17 06:34:50', 'มีการเอกสารที่รอการอนุมัติ', 1, 5, 17),
(153, '2023-04-17 06:35:07', 'มีการเอกสารที่รอการอนุมัติ', 0, 6, 17),
(154, '2023-04-17 06:39:10', 'อีกรอบ', 1, 2, 16),
(155, '2023-04-17 06:39:25', 'มีการเอกสารที่รอการอนุมัติ', 1, 3, 17),
(156, '2023-04-17 06:40:27', 'มีการเอกสารที่ไม่ผ่านการอนุมัติ กรุณายื่นเรื่องมาใหม่อีกครั้ง', 1, 1, 16),
(157, '2023-04-17 18:55:16', 'มีการเอกสารที่รอการอนุมัติ', 1, 2, 16),
(158, '2023-04-17 06:55:48', 'มีการเอกสารที่ไม่ผ่านการอนุมัติ กรุณายื่นเรื่องมาใหม่อีกครั้ง', 1, 1, 16),
(159, '2023-04-17 18:57:15', 'มีการเอกสารที่รอการอนุมัติ', 1, 2, 16),
(160, '2023-04-17 06:58:16', 'มีเอกสารที่รอการอนุมัติ', 1, 3, 17),
(161, '2023-04-17 06:58:39', 'มีเอกสารที่รอการอนุมัติ', 1, 4, 17),
(162, '2023-04-17 06:59:55', 'มีการเอกสารที่ไม่ผ่านการอนุมัติ กรุณายื่นเรื่องมาใหม่อีกครั้ง', 1, 1, 16),
(163, '2023-04-17 19:01:51', 'มีการเอกสารที่รอการอนุมัติ', 1, 2, 16),
(164, '2023-04-17 07:02:48', 'มีเอกสารที่รอการอนุมัติ', 1, 3, 17),
(165, '2023-04-17 07:02:57', 'มีเอกสารที่รอการอนุมัติ', 1, 4, 17),
(166, '2023-04-17 07:04:00', 'มีเอกสารที่รอการอนุมัติ', 1, 5, 17),
(167, '2023-04-17 07:04:34', 'มีการเอกสารที่ไม่ผ่านการอนุมัติ กรุณายื่นเรื่องมาใหม่อีกครั้ง', 1, 1, 16),
(168, '2023-04-17 19:05:28', 'มีเอกสารที่รอการอนุมัติ', 1, 2, 16),
(169, '2023-04-17 07:11:35', 'มีเอกสารที่รอการอนุมัติ', 1, 3, 17),
(170, '2023-04-17 07:12:10', 'มีเอกสารที่รอการอนุมัติ', 1, 4, 17),
(171, '2023-04-17 07:12:30', 'มีเอกสารที่รอการอนุมัติ', 1, 5, 17),
(172, '2023-04-17 07:12:52', 'มีเอกสารที่รอการอนุมัติ', 0, 6, 17),
(173, '2023-04-17 07:17:04', '55555555555', 1, 2, 16),
(174, '2023-04-17 07:17:37', 'มีการเอกสารที่ไม่ผ่านการอนุมัติ กรุณายื่นเรื่องมาใหม่อีกครั้ง', 1, 1, 16),
(175, '2023-04-17 19:17:54', 'มีเอกสารที่รอการอนุมัติ', 1, 2, 16),
(176, '2023-04-17 07:18:09', 'มีเอกสารที่รอการอนุมัติ', 1, 3, 17),
(177, '2023-04-17 07:18:34', 'มีการเอกสารที่ไม่ผ่านการอนุมัติ กรุณายื่นเรื่องมาใหม่อีกครั้ง', 1, 1, 16),
(178, '2023-04-17 19:19:11', 'มีเอกสารที่รอการอนุมัติ', 1, 2, 16),
(179, '2023-04-17 07:19:34', 'มีเอกสารที่รอการอนุมัติ', 1, 3, 17),
(180, '2023-04-17 07:19:51', 'มีเอกสารที่รอการอนุมัติ', 1, 4, 17),
(181, '2023-04-17 07:20:14', 'มีเอกสารที่รอการอนุมัติ', 1, 5, 17),
(182, '2023-04-17 07:20:37', 'มีการเอกสารที่ไม่ผ่านการอนุมัติ กรุณายื่นเรื่องมาใหม่อีกครั้ง', 1, 1, 16),
(183, '2023-04-17 19:21:35', 'มีเอกสารที่รอการอนุมัติ', 1, 2, 16),
(184, '2023-04-17 07:21:48', 'มีเอกสารที่รอการอนุมัติ', 1, 3, 17),
(185, '2023-04-17 07:22:03', 'มีเอกสารที่รอการอนุมัติ', 1, 4, 17),
(186, '2023-04-17 07:22:26', 'มีเอกสารที่รอการอนุมัติ', 1, 5, 17),
(187, '2023-04-17 07:22:51', 'มีเอกสารที่รอการอนุมัติ', 0, 6, 17),
(188, '2023-04-17 08:29:08', 'แก้', 1, 2, 10),
(189, '2023-04-17 08:30:46', 'มีการเอกสารที่ไม่ผ่านการอนุมัติ กรุณายื่นเรื่องมาใหม่อีกครั้ง', 1, 1, 10),
(190, '2023-04-17 20:31:16', 'มีเอกสารที่รอการอนุมัติ', 1, 2, 10),
(191, '2023-04-17 08:31:34', 'มีเอกสารที่รอการอนุมัติ', 1, 3, 17),
(192, '2023-04-17 08:31:46', 'มีการเอกสารที่ไม่ผ่านการอนุมัติ กรุณายื่นเรื่องมาใหม่อีกครั้ง', 1, 1, 10),
(193, '2023-04-17 20:32:38', 'มีเอกสารที่รอการอนุมัติ', 1, 2, 10),
(194, '2023-04-17 08:32:53', 'มีเอกสารที่รอการอนุมัติ', 1, 3, 17),
(195, '2023-04-17 08:33:45', 'มีการเอกสารที่ไม่ผ่านการอนุมัติ กรุณายื่นเรื่องมาใหม่อีกครั้ง', 1, 1, 10),
(196, '2023-04-17 08:34:46', '30', 1, 2, 10),
(197, '2023-04-17 08:35:05', 'มีเอกสารที่รอการอนุมัติ', 1, 3, 17),
(198, '2023-04-17 08:35:40', 'มีเอกสารที่รอการอนุมัติ', 1, 4, 17),
(199, '2023-04-17 08:36:10', 'มีเอกสารที่รอการอนุมัติ', 1, 5, 17),
(200, '2023-04-17 08:36:29', 'มีเอกสารที่รอการอนุมัติ', 0, 6, 17),
(201, '2023-04-17 20:38:04', 'มีเอกสารที่รอการอนุมัติ', 1, 2, 10),
(202, '2023-04-17 08:38:26', 'มีเอกสารที่รอการอนุมัติ', 1, 3, 17),
(203, '2023-04-17 08:38:42', 'มีเอกสารที่รอการอนุมัติ', 1, 4, 17),
(204, '2023-04-17 08:38:52', 'มีเอกสารที่รอการอนุมัติ', 1, 5, 17),
(205, '2023-04-17 08:39:12', 'มีเอกสารที่รอการอนุมัติ', 0, 6, 17),
(206, '2023-04-17 09:17:03', 'มาย', 1, 2, 10),
(207, '2023-04-17 09:17:25', 'มีการเอกสารที่ไม่ผ่านการอนุมัติ กรุณายื่นเรื่องมาใหม่อีกครั้ง', 1, 1, 10),
(208, '2023-04-17 21:17:54', 'มีเอกสารที่รอการอนุมัติ', 1, 2, 10),
(209, '2023-04-17 09:18:11', 'มีเอกสารที่รอการอนุมัติ', 1, 3, 17),
(210, '2023-04-17 09:18:33', 'มีการเอกสารที่ไม่ผ่านการอนุมัติ กรุณายื่นเรื่องมาใหม่อีกครั้ง', 1, 1, 10);

-- --------------------------------------------------------

--
-- Table structure for table `role`
--

CREATE TABLE `role` (
  `role_id` int(255) NOT NULL,
  `role_name_th` varchar(100) NOT NULL,
  `role_name_en` varchar(100) NOT NULL
) ENGINE=InnoDB DEFAULT CHARSET=utf8;

--
-- Dumping data for table `role`
--

INSERT INTO `role` (`role_id`, `role_name_th`, `role_name_en`) VALUES
(1, 'เจ้าหน้าที่โรงพยาบาล', 'hospital staff'),
(2, 'ผู้อำนวยการโรงพยาบาล', 'director hospital'),
(3, 'เจ้าหน้าที่สาธารณสุข', 'officer'),
(4, 'ผู้ช่วยสาธารณสุข', 'assistant'),
(5, 'สาธารณสุขอำเภอ\r\n', 'director'),
(6, 'admin', 'admin');

-- --------------------------------------------------------

--
-- Table structure for table `tracking`
--

CREATE TABLE `tracking` (
  `tracking_id` int(20) NOT NULL,
  `group_id` varchar(100) NOT NULL,
  `tracking_hospital` varchar(100) NOT NULL,
  `tracking_sender` varchar(100) NOT NULL,
  `date_at` date NOT NULL,
  `tracking_recipient` varchar(50) DEFAULT NULL,
  `tracking_meet_date` date DEFAULT NULL,
  `tracking_status` varchar(100) NOT NULL,
  `hospital_id` int(20) NOT NULL,
  `user_id` int(20) NOT NULL
) ENGINE=InnoDB DEFAULT CHARSET=utf8;

--
-- Dumping data for table `tracking`
--

INSERT INTO `tracking` (`tracking_id`, `group_id`, `tracking_hospital`, `tracking_sender`, `date_at`, `tracking_recipient`, `tracking_meet_date`, `tracking_status`, `hospital_id`, `user_id`) VALUES
(1, 'BPTH-1020230311080251', 'โรงพยาบาลส่งเสริมสุขภาพตำบลบางซ่อน', 'มานี มีแมว', '2023-03-11', 'เปาเปา', '2023-04-15', 'เสร็จสิ้น', 10, 11),
(2, 'BPTH-1020230317002922', 'โรงพยาบาลส่งเสริมสุขภาพตำบลบางซ่อน', 'มานี มีแมว', '2023-03-17', 'วิริยาภรณ์ ไชยสงคราม', '2023-04-29', 'เสร็จสิ้น', 10, 11),
(3, 'BPTH-1020230321211936', 'โรงพยาบาลส่งเสริมสุขภาพตำบลบางซ่อน', 'มานี มีแมว', '2023-03-21', 'พรประภา', '2023-03-25', 'เสร็จสิ้น', 10, 11),
(5, 'BPTH-1020230322203443', 'โรงพยาบาลส่งเสริมสุขภาพตำบลบางซ่อน', 'มานี มีแมว', '2023-03-22', 'ทดสอบ', '2023-03-23', 'เสร็จสิ้น', 10, 11),
(7, 'BPTH-1020230323074529', 'โรงพยาบาลส่งเสริมสุขภาพตำบลบางซ่อน', 'มานี มีแมว', '2023-03-23', 'อิอิ', '2023-03-23', 'เสร็จสิ้น', 10, 11),
(8, 'BPTH-1020230323075645', 'โรงพยาบาลส่งเสริมสุขภาพตำบลบางซ่อน', 'มานี มีแมว', '2023-03-23', 'ทดสอบ', '2023-03-23', 'เสร็จสิ้น', 10, 11),
(9, 'BPTH-1020230323080508', 'โรงพยาบาลส่งเสริมสุขภาพตำบลบางซ่อน', 'มานี มีแมว', '2023-03-23', 'ทดสอบ', '2023-03-23', 'เสร็จสิ้น', 10, 11),
(10, 'BPTH-1020230323231601', 'โรงพยาบาลส่งเสริมสุขภาพตำบลบางซ่อน', 'มานี มีแมว', '2023-03-23', 'มาย', '2023-05-04', 'เสร็จสิ้น', 10, 11),
(11, 'BPTH-1020230324061115', 'โรงพยาบาลส่งเสริมสุขภาพตำบลบางซ่อน', 'มานี มีแมว', '2023-03-24', 'เอ', '2023-04-30', 'เสร็จสิ้น', 10, 11),
(12, 'BPTH-1020230329191710', 'โรงพยาบาลส่งเสริมสุขภาพตำบลบางซ่อน', 'มานี มีแมว', '2023-03-29', 'ทดสอบ', '2023-03-30', 'เสร็จสิ้น', 10, 11),
(13, 'BPTH-1020230329191848', 'โรงพยาบาลส่งเสริมสุขภาพตำบลบางซ่อน', 'มานี มีแมว', '2023-03-29', 'สมหมาย', '2023-04-01', 'เสร็จสิ้น', 10, 11),
(14, 'BPTH-1020230408011459', 'โรงพยาบาลส่งเสริมสุขภาพตำบลบางซ่อน', 'มานี มีแมว', '2023-04-08', 'เปาเปา', '2023-04-22', 'เสร็จสิ้น', 10, 11),
(15, 'BPTH-1020230408130703', 'โรงพยาบาลส่งเสริมสุขภาพตำบลบางซ่อน', 'มานี มีแมว', '2023-04-08', 'สมหมาย', '2023-04-24', 'เสร็จสิ้น', 10, 11),
(16, 'BPTH-1020230410200057', 'โรงพยาบาลส่งเสริมสุขภาพตำบลบางซ่อน', 'มานี มีแมว', '2023-04-10', 'เปาเปา', '2023-04-17', 'เสร็จสิ้น', 10, 11),
(20, 'BPTH-1020230417031522', 'โรงพยาบาลส่งเสริมสุขภาพตำบลบางซ่อน', 'มานี มีแมว', '2023-04-17', 'เอ', '2023-05-07', 'เสร็จสิ้น', 10, 11),
(21, 'BPTH-1020230417033122', 'โรงพยาบาลส่งเสริมสุขภาพตำบลบางซ่อน', 'มานี มีแมว', '2023-04-17', 'เปาเปา', '2023-04-30', 'เสร็จสิ้น', 10, 11),
(22, 'BPTH-1020230417033904', 'โรงพยาบาลส่งเสริมสุขภาพตำบลบางซ่อน', 'มานี มีแมว', '2023-04-17', 'เปาเปา', '2023-05-02', 'เสร็จสิ้น', 10, 11),
(23, 'BPTH-1020230417035011', 'โรงพยาบาลส่งเสริมสุขภาพตำบลบางซ่อน', 'มานี มีแมว', '2023-04-17', 'เปาเปา', '2023-04-29', 'กระบวนการฆ่าเชื้อ', 10, 11),
(24, 'BPTH-1020230417194040', 'โรงพยาบาลส่งเสริมสุขภาพตำบลบางซ่อน', 'มานี มีแมว', '2023-04-17', NULL, NULL, 'จัดส่งอุปกรณ์-เครื่องมือการแพทย์', 10, 11);

-- --------------------------------------------------------

--
-- Table structure for table `users`
--

CREATE TABLE `users` (
  `user_id` int(20) NOT NULL,
  `user_username` varchar(50) NOT NULL,
  `user_password` varchar(50) NOT NULL,
  `user_firstname` varchar(20) NOT NULL,
  `user_lastname` varchar(20) NOT NULL,
  `user_position` varchar(100) NOT NULL,
  `user_role` varchar(50) NOT NULL,
  `role_status` int(20) NOT NULL,
  `user_place` varchar(100) NOT NULL,
  `hospital_id` int(10) NOT NULL
) ENGINE=InnoDB DEFAULT CHARSET=utf8;

--
-- Dumping data for table `users`
--

INSERT INTO `users` (`user_id`, `user_username`, `user_password`, `user_firstname`, `user_lastname`, `user_position`, `user_role`, `role_status`, `user_place`, `hospital_id`) VALUES
(5, 'test2', 'test2', 'โชคดี', 'มีชัย', 'เจ้าหน้าที่โรงพยาบาล', 'hospital staff', 1, 'โรงพยาบาลส่งเสริมสุขภาพตำบลบางซ่อน', 10),
(6, 'test3', 'test3', 'มานิตย์', 'ชุ่มชูจันทร์', 'สาธารณสุขอำเภอ', 'director', 5, 'สาธารณสุขอำเภอบ้านโพธิ์', 17),
(7, 'test4', 'test4', 'เบญจพล', 'สุวรรณะ', 'ผู้ช่วยสาธารณสุข', 'assistant', 4, 'สาธารณสุขอำเภอบ้านโพธิ์', 17),
(9, 'test5', 'test5', 'แพรว', 'พราว', 'เจ้าหน้าที่สาธารณสุข', 'officer', 3, 'สาธารณสุขอำเภอบ้านโพธิ์', 17),
(10, 'test6', 'test6', 'ธนวัช', 'กิจจำเนียร', 'ผู้อำนวยการโรงพยาบาล', 'director hospital', 2, 'โรงพยาบาลส่งเสริมสุขภาพตำบลบางซ่อน', 10),
(11, 'test7', 'test7', 'มานี', 'มีแมว', 'เจ้าหน้าที่โรงพยาบาล', 'hospital staff', 1, 'โรงพยาบาลส่งเสริมสุขภาพตำบลบางซ่อน', 10),
(12, 'admin', 'admin', 'admin', 'admin', 'admin', 'admin', 6, 'admin', 0),
(14, 'lam1', 'lam1', 'จนท.', 'แหลม', 'เจ้าหน้าที่โรงพยาบาล', 'hospital staff', 1, 'โรงพยาบาลส่งเสริมสุขภาพตำบลแหลมประดู่', 16),
(15, 'lamboss', 'lamboss', 'บอส', 'แหลม', 'ผู้อำนวยการโรงพยาบาล', 'director hospital', 2, 'โรงพยาบาลส่งเสริมสุขภาพตำบลแหลมประดู่', 16),
(16, 'lam2', 'lam2', 'จนท.แหลม', 'คนที่ 2', 'เจ้าหน้าที่โรงพยาบาล', 'hospital staff', 1, 'โรงพยาบาลส่งเสริมสุขภาพตำบลแหลมประดู่', 16),
(18, 'lam3', 'lam3', 'จนท.แหลม', 'คนที่ 3', 'เจ้าหน้าที่โรงพยาบาล', 'hospital staff', 1, 'โรงพยาบาลส่งเสริมสุขภาพตำบลแหลมประดู่', 16);

--
-- Indexes for dumped tables
--

--
-- Indexes for table `approval`
--
ALTER TABLE `approval`
  ADD PRIMARY KEY (`approval_id`);

--
-- Indexes for table `document`
--
ALTER TABLE `document`
  ADD PRIMARY KEY (`document_id`);

--
-- Indexes for table `equipment`
--
ALTER TABLE `equipment`
  ADD PRIMARY KEY (`equipment_id`);

--
-- Indexes for table `hospital`
--
ALTER TABLE `hospital`
  ADD PRIMARY KEY (`hospital_id`);

--
-- Indexes for table `notification`
--
ALTER TABLE `notification`
  ADD PRIMARY KEY (`notification_id`);

--
-- Indexes for table `role`
--
ALTER TABLE `role`
  ADD PRIMARY KEY (`role_id`);

--
-- Indexes for table `tracking`
--
ALTER TABLE `tracking`
  ADD PRIMARY KEY (`tracking_id`);

--
-- Indexes for table `users`
--
ALTER TABLE `users`
  ADD PRIMARY KEY (`user_id`);

--
-- AUTO_INCREMENT for dumped tables
--

--
-- AUTO_INCREMENT for table `approval`
--
ALTER TABLE `approval`
  MODIFY `approval_id` int(255) NOT NULL AUTO_INCREMENT, AUTO_INCREMENT=135;

--
-- AUTO_INCREMENT for table `document`
--
ALTER TABLE `document`
  MODIFY `document_id` int(20) NOT NULL AUTO_INCREMENT, AUTO_INCREMENT=43;

--
-- AUTO_INCREMENT for table `equipment`
--
ALTER TABLE `equipment`
  MODIFY `equipment_id` int(255) NOT NULL AUTO_INCREMENT, AUTO_INCREMENT=38;

--
-- AUTO_INCREMENT for table `hospital`
--
ALTER TABLE `hospital`
  MODIFY `hospital_id` int(20) NOT NULL AUTO_INCREMENT, AUTO_INCREMENT=19;

--
-- AUTO_INCREMENT for table `notification`
--
ALTER TABLE `notification`
  MODIFY `notification_id` int(255) NOT NULL AUTO_INCREMENT, AUTO_INCREMENT=211;

--
-- AUTO_INCREMENT for table `role`
--
ALTER TABLE `role`
  MODIFY `role_id` int(255) NOT NULL AUTO_INCREMENT, AUTO_INCREMENT=7;

--
-- AUTO_INCREMENT for table `tracking`
--
ALTER TABLE `tracking`
  MODIFY `tracking_id` int(20) NOT NULL AUTO_INCREMENT, AUTO_INCREMENT=25;

--
-- AUTO_INCREMENT for table `users`
--
ALTER TABLE `users`
  MODIFY `user_id` int(20) NOT NULL AUTO_INCREMENT, AUTO_INCREMENT=19;
COMMIT;

/*!40101 SET CHARACTER_SET_CLIENT=@OLD_CHARACTER_SET_CLIENT */;
/*!40101 SET CHARACTER_SET_RESULTS=@OLD_CHARACTER_SET_RESULTS */;
/*!40101 SET COLLATION_CONNECTION=@OLD_COLLATION_CONNECTION */;
